Name,Alias,Nationality,Designation,Sanction Type,Source
Ismail Abdul Salah HANIYA,HANIYA,Unknown,Individual,NS-PLC,USOFAC-Consolidated
Mohammed ABU TEIR,ABU TAIR,Unknown,Individual,NS-PLC,USOFAC-Consolidated
Jamileh Abdullah AL-SHANTI,EL-SHANTI,Unknown,Individual,NS-PLC,USOFAC-Consolidated
Mohammed Jamal NU'MAN ALAEDDIN,ALA AL DIN,Unknown,Individual,NS-PLC,USOFAC-Consolidated
Yasser Daoud MANSOUR,None,Unknown,Individual,NS-PLC,USOFAC-Consolidated
Khalil Musa RABAI,RABBAI,Unknown,Individual,NS-PLC,USOFAC-Consolidated
Huda Naim AL-QREINAWI,AL QRENAWI,Unknown,Individual,NS-PLC,USOFAC-Consolidated
Mahmoud Ahmad AL-RAMAHI,None,Unknown,Individual,NS-PLC,USOFAC-Consolidated
Mahmoud Khaled ZAHHAR,AL ZAHAR,Palestinian,Individual,"NS-PLC, SDGT",USOFAC-Consolidated
Abdul Fattah HASAN DUKHAN,HASAN DOUKHAN,Unknown,Individual,NS-PLC,USOFAC-Consolidated
Ibrahim Mohammed DAHBOUR,None,Unknown,Individual,NS-PLC,USOFAC-Consolidated
Mariam Mahmoud SALEH,None,Unknown,Individual,NS-PLC,USOFAC-Consolidated
Fathi Mohammed QAR'AWI,QARAWI,Unknown,Individual,NS-PLC,USOFAC-Consolidated
Anwar Mohammed ZBOUN,AL-ZBOUN,Unknown,Individual,NS-PLC,USOFAC-Consolidated
Imad Mahmoud NOFAL,NAWFAL,Unknown,Individual,NS-PLC,USOFAC-Consolidated
Omar Mahmoud MATAR,None,Unknown,Individual,NS-PLC,USOFAC-Consolidated
Muna Salim Saleh MANSOUR,MANSOUR,Unknown,Individual,NS-PLC,USOFAC-Consolidated
Yahia Abdul Aziz AL-ABADSAH,EL ABADSA,Unknown,Individual,NS-PLC,USOFAC-Consolidated
Mohammed Maher Yousef BADER,None,Unknown,Individual,NS-PLC,USOFAC-Consolidated
Ayman Hussein DARAGHMEH,None,Unknown,Individual,NS-PLC,USOFAC-Consolidated
Fathi Ahmad Mohammad HAMMAD,HAMMAD,Unknown,Individual,"NS-PLC, SDGT",USOFAC-Consolidated
Mariam Mohammed FARHAT,None,Unknown,Individual,NS-PLC,USOFAC-Consolidated
Sayyed Salem ABU MSAMEH,ABU MUSAMEH,Unknown,Individual,NS-PLC,USOFAC-Consolidated
Marwan Mohammed ABU RAS,ABOU RAAS,Unknown,Individual,NS-PLC,USOFAC-Consolidated
Samira Abdullah HALAYQAH,HALAYQA,Unknown,Individual,NS-PLC,USOFAC-Consolidated
Jamal Ismail ISKEIK,None,Unknown,Individual,NS-PLC,USOFAC-Consolidated
Ali Salim ROUMANIN,None,Unknown,Individual,NS-PLC,USOFAC-Consolidated
Ahmad Yousef ABU HALABIYYE,None,Unknown,Individual,NS-PLC,USOFAC-Consolidated
Abdul Jaber Mustafa FUQAHA,None,Unknown,Individual,NS-PLC,USOFAC-Consolidated
Aziz DWEIK,DWAIK,Unknown,Individual,NS-PLC,USOFAC-Consolidated
Azzam SALHAB,SALHAB,Unknown,Individual,NS-PLC,USOFAC-Consolidated
Nizar RAMADAN,RAMADAN,Unknown,Individual,NS-PLC,USOFAC-Consolidated
Nayef RJOUB,RAJOUB,Unknown,Individual,NS-PLC,USOFAC-Consolidated
Samir AL-QADI,AL-QADI,Unknown,Individual,NS-PLC,USOFAC-Consolidated
Mohammed ABU JHEISHEH,ABU JHESHEH,Unknown,Individual,NS-PLC,USOFAC-Consolidated
Hatem QFEISHEH,KAFEESHEH,Unknown,Individual,NS-PLC,USOFAC-Consolidated
Basem ZA'ARIR,ZAAREER,Unknown,Individual,NS-PLC,USOFAC-Consolidated
Mohammed AL-TAL,AL-TAL,Unknown,Individual,NS-PLC,USOFAC-Consolidated
Daoud ABU SEIR,ABU SAIR,Unknown,Individual,NS-PLC,USOFAC-Consolidated
Hamid Jabir KHUDAIR,KHUDAIR,Unknown,Individual,NS-PLC,USOFAC-Consolidated
Husni Bourini YASIN,YASIN,Unknown,Individual,NS-PLC,USOFAC-Consolidated
Riyad Ali AMLI,AMLI,Unknown,Individual,NS-PLC,USOFAC-Consolidated
Ahmad Ali AHMAD,AHMAD,Unknown,Individual,NS-PLC,USOFAC-Consolidated
Hasan YOUSEF,DAR KHALIL,Unknown,Individual,NS-PLC,USOFAC-Consolidated
Fadel HAMDAN,HAMDAN,Unknown,Individual,NS-PLC,USOFAC-Consolidated
Mahmoud MUSLEH,MUSLEH,Unknown,Individual,NS-PLC,USOFAC-Consolidated
Ahmad 'Abd al-Aziz MUBARAK,MUBARAK,Unknown,Individual,NS-PLC,USOFAC-Consolidated
Khaled Tafish THWEIB,THOUAIB,Unknown,Individual,NS-PLC,USOFAC-Consolidated
Mahmoud AL-KHATIB,AL-KHATIB,Unknown,Individual,NS-PLC,USOFAC-Consolidated
Khaled Abed YAHIA,YEHIA,Unknown,Individual,NS-PLC,USOFAC-Consolidated
Khaled ABU HASSAN,ABOU HASSAN,Unknown,Individual,NS-PLC,USOFAC-Consolidated
Abdul Rahman Fahmi ZEIDAN,ZEIDAN,Unknown,Individual,NS-PLC,USOFAC-Consolidated
Riyad RADDAD,RADAD,Unknown,Individual,NS-PLC,USOFAC-Consolidated
Ahmad ATTOUN,ATTOUN,Unknown,Individual,NS-PLC,USOFAC-Consolidated
Ibrahim ABU SALEM,ABOU SALEM,Unknown,Individual,NS-PLC,USOFAC-Consolidated
Mohammed Saleh TUTAH,TAWTAH,Unknown,Individual,NS-PLC,USOFAC-Consolidated
Wael AL-HUSSEINI,ABDUL RAHMAN,Unknown,Individual,NS-PLC,USOFAC-Consolidated
Naser ABDUL JAWAD,ABDEL JAWAD,Unknown,Individual,NS-PLC,USOFAC-Consolidated
Khaled ABU TOS,ABU QOUS,Unknown,Individual,NS-PLC,USOFAC-Consolidated
Khamis NAJJAR,NAJJAR,Unknown,Individual,NS-PLC,USOFAC-Consolidated
Salah AL-BARDAWIL,EL BARDAWIL,Unknown,Individual,NS-PLC,USOFAC-Consolidated
Younes AL-ASTAL,EL-ASTAL,Unknown,Individual,NS-PLC,USOFAC-Consolidated
Abdul Rahman AL-JAMAL,AL-JAMAL,Unknown,Individual,NS-PLC,USOFAC-Consolidated
Salem SALAMEH,SALAMEH,Unknown,Individual,NS-PLC,USOFAC-Consolidated
Saeed SIAM,SEYAM,Unknown,Individual,NS-PLC,USOFAC-Consolidated
Ahmad BAHAR,BAHAR,Unknown,Individual,NS-PLC,USOFAC-Consolidated
Jamal SALEH,NASSER,Unknown,Individual,NS-PLC,USOFAC-Consolidated
Khalil AL-HAYYEH,ELHYYA,Unknown,Individual,NS-PLC,USOFAC-Consolidated
Mohammed Faraj AL-GHOUL,ELGHOUL,Unknown,Individual,NS-PLC,USOFAC-Consolidated
Mushir AL-HABAL,ELHABEL,Unknown,Individual,NS-PLC,USOFAC-Consolidated
Atef UDWAN,ADWAN,Unknown,Individual,NS-PLC,USOFAC-Consolidated
Yousef AL-SHARAFI,AL-SHRAFI,Unknown,Individual,NS-PLC,USOFAC-Consolidated
Ismail AL-ASHQAR,AL-ALASHQAR,Unknown,Individual,NS-PLC,USOFAC-Consolidated
Mohammed SHIHAB,SHEHAB,Unknown,Individual,NS-PLC,USOFAC-Consolidated
Ahmad SA'DAT,None,Unknown,Individual,NS-PLC,USOFAC-Consolidated
Jamil MAJDALAWI,None,Unknown,Individual,NS-PLC,USOFAC-Consolidated
Khaledah JARRAR,None,Unknown,Individual,NS-PLC,USOFAC-Consolidated
Qais Abdul KARIM,None,Unknown,Individual,NS-PLC,USOFAC-Consolidated
BANK OF KUNLUN CO LTD,KARAMAY URBAN CREDIT COOPERATIVES,Unknown,Entity,561-Related,USOFAC-Consolidated
VTB BANK PUBLIC JOINT STOCK COMPANY,JSC VTB BANK,Unknown,Entity,"UKRAINE-EO13662, RUSSIA-EO14024",USOFAC-Consolidated
JOINT STOCK COMPANY RUSSIAN AGRICULTURAL BANK,RUSSIAN AGRICULTURAL BANK,Unknown,Entity,"UKRAINE-EO13662, RUSSIA-EO14024",USOFAC-Consolidated
STATE CORPORATION BANK FOR DEVELOPMENT AND FOREIGN ECONOMIC AFFAIRS VNESHECONOMBANK,VEB,Unknown,Entity,"RUSSIA-EO14024, UKRAINE-EO13662",USOFAC-Consolidated
GAZPROMBANK JOINT STOCK COMPANY,GAZPROMBANK OPEN JOINT STOCK COMPANY,Unknown,Entity,"UKRAINE-EO13662, RUSSIA-EO14024",USOFAC-Consolidated
BM BANK JSC,JOINT STOCK COMMERCIAL BANK - BANK OF MOSCOW OPEN JOINT STOCK COMPANY,Unknown,Entity,"UKRAINE-EO13662, RUSSIA-EO14024",USOFAC-Consolidated
PUBLIC JOINT STOCK COMPANY SBERBANK OF RUSSIA,SBERBANK ROSSII,Unknown,Entity,"UKRAINE-EO13662, RUSSIA-EO14024",USOFAC-Consolidated
OPEN JOINT-STOCK COMPANY ROSNEFT OIL COMPANY,OJSC ROSNEFT OIL COMPANY,Unknown,Entity,UKRAINE-EO13662,USOFAC-Consolidated
OAO NOVATEK,FINANSOVO-INVESTITSIONNAYA KOMPANIYA NOVAFININVEST OAO,Unknown,Entity,UKRAINE-EO13662,USOFAC-Consolidated
PUBLIC JOINT STOCK COMPANY GAZPROM NEFT,PUBLICHNOE AKTSIONERNOE OBSHCHESTVO GAZPROM NEFT,Unknown,Entity,"UKRAINE-EO13662, RUSSIA-EO14024",USOFAC-Consolidated
SURGUTNEFTEGAS,OPEN JOINT STOCK COMPANY SURGUTNEFTEGAS,Unknown,Entity,"UKRAINE-EO13662, RUSSIA-EO14024",USOFAC-Consolidated
LUKOIL OAO,LUKOIL OIL COMPANY,Unknown,Entity,UKRAINE-EO13662,USOFAC-Consolidated
PUBLIC JOINT STOCK COMPANY GAZPROM,GAZPROM PAO,Unknown,Entity,"UKRAINE-EO13662, RUSSIA-EO14024",USOFAC-Consolidated
PUBLIC JOINT STOCK COMPANY TRANSNEFT,AK TRANSNEFT OAO,Unknown,Entity,"UKRAINE-EO13662, RUSSIA-EO14024",USOFAC-Consolidated
STATE CORPORATION ROSTEC,"STATE CORPORATION FOR THE PROMOTION OF THE DEVELOPMENT, MANUFACTURE, AND EXPORT OF HIGH TECH PRODUCTS ROSTEC",Unknown,Entity,"UKRAINE-EO13662, RUSSIA-EO14024",USOFAC-Consolidated
OJSC ORENBURGNEFT,ORENBURGNEFT,Unknown,Entity,UKRAINE-EO13662,USOFAC-Consolidated
EXIMBANK OF RUSSIA JSC,"ROSEKSIMBANK, ZAO",Unknown,Entity,"UKRAINE-EO13662, RUSSIA-EO14024",USOFAC-Consolidated
OJSC SAMOTLORNEFTEGAZ,SAMOTLORNEFTEGAZ JSC,Unknown,Entity,UKRAINE-EO13662,USOFAC-Consolidated
DEVELOPMENT CORPORATION OF NORTH CAUCASUS OJSC,OJSC NORTH CAUCASUS DEVELOPMENT CORPORATION,Unknown,Entity,UKRAINE-EO13662,USOFAC-Consolidated
PJSC VERKHNECHONSKNEFTEGAZ,VERKHNECHONSKNEFTEGAZ,Unknown,Entity,UKRAINE-EO13662,USOFAC-Consolidated
RUSSIAN AGENCY FOR EXPORT CREDIT AND INVESTMENT INSURANCE OJSC,EKSAR OAO,Unknown,Entity,"UKRAINE-EO13662, RUSSIA-EO14024",USOFAC-Consolidated
JSC VEB.DV,JSC FAR EAST AND ARCTIC REGION DEVELOPMENT FUND,Unknown,Entity,"UKRAINE-EO13662, RUSSIA-EO14024",USOFAC-Consolidated
CJSC VANKORNEFT,VANKORNEFT,Unknown,Entity,UKRAINE-EO13662,USOFAC-Consolidated
FEDERAL CENTER FOR PROJECT FINANCE,"FTSPF, OAO",Unknown,Entity,UKRAINE-EO13662,USOFAC-Consolidated
RN-YUGANSKNEFTEGAZ LLC,YUGANSKNEFTEGAZ,Unknown,Entity,UKRAINE-EO13662,USOFAC-Consolidated
GLOBEXBANK,"GLOBEX COMMERCIAL BANK, JOINT STOCK COMPANY",Unknown,Entity,UKRAINE-EO13662,USOFAC-Consolidated
KRASLESINVEST CJSC,"KRASLESINVEST, ZAO",Unknown,Entity,UKRAINE-EO13662,USOFAC-Consolidated
RUSSIAN DIRECT INVESTMENT FUND MANAGEMENT COMPANY,LIMITED LIABILITY COMPANY RDIF MANAGEMENT COMPANY,Unknown,Entity,UKRAINE-EO13662,USOFAC-Consolidated
OJSC ANGARSK PETROCHEMICAL COMPANY,ANGARSK REFINERY,Unknown,Entity,UKRAINE-EO13662,USOFAC-Consolidated
LLC INFRASTRUCTURE MOLZHANINOVO,LLC RESAD,Unknown,Entity,"UKRAINE-EO13662, RUSSIA-EO14024",USOFAC-Consolidated
OJSC NOVOKUYBYSHEV REFINERY,NOVOKUIBYSHEVSK REFINERY,Unknown,Entity,UKRAINE-EO13662,USOFAC-Consolidated
SME BANK,JSC RUSSIAN BANK FOR SMALL AND MEDIUM ENTERPRISES SUPPORT,Unknown,Entity,UKRAINE-EO13662,USOFAC-Consolidated
RN-KOMSOMOLSKY REFINERY LLC,RN-KOMSOMOLSKI NPZ OOO,Unknown,Entity,UKRAINE-EO13662,USOFAC-Consolidated
SVIAZ-BANK,SVIAZ-BANK AKB PAO,Unknown,Entity,UKRAINE-EO13662,USOFAC-Consolidated
VEB CAPITAL,OOO VEB KAPITAL,Unknown,Entity,"RUSSIA-EO14024, UKRAINE-EO13662",USOFAC-Consolidated
VEB ENGINEERING LLC,OOO VEB INZHINIRING,Unknown,Entity,"UKRAINE-EO13662, RUSSIA-EO14024",USOFAC-Consolidated
VEB LEASING OJSC,OAO VEB LIZING,Unknown,Entity,"UKRAINE-EO13662, RUSSIA-EO14024",USOFAC-Consolidated
ROSE GROUP LIMITED,RGI INTERNATIONAL LIMITED,Unknown,Entity,UKRAINE-EO13662,USOFAC-Consolidated
OJSC SYZRAN REFINERY,SYZRAN REFINERY,Unknown,Entity,UKRAINE-EO13662,USOFAC-Consolidated
BANK BELVEB OJSC,BELVNESHECONOMBANK OPEN JOINT STOCK COMPANY,Unknown,Entity,"UKRAINE-EO13662, RUSSIA-EO14024",USOFAC-Consolidated
OJSC ACHINSK REFINERY,ACHINSK REFINERY,Unknown,Entity,UKRAINE-EO13662,USOFAC-Consolidated
OJSC KUYBYSHEV REFINERY,KUIBYSHEV REFINERY,Unknown,Entity,UKRAINE-EO13662,USOFAC-Consolidated
VEB ASIA LIMITED,None,Unknown,Entity,"UKRAINE-EO13662, RUSSIA-EO14024",USOFAC-Consolidated
OJSC RN HOLDING,RN HOLDING OAO,Unknown,Entity,UKRAINE-EO13662,USOFAC-Consolidated
NEFT-AKTIV LLC,RN-AKTIV OOO,Unknown,Entity,UKRAINE-EO13662,USOFAC-Consolidated
OJSC RUSSIAN REGIONAL DEVELOPMENT BANK,RUSSIAN REGIONAL DEVELOPMENT BANK,Unknown,Entity,UKRAINE-EO13662,USOFAC-Consolidated
ROSNEFT TRADING S.A.,None,Unknown,Entity,"UKRAINE-EO13662, VENEZUELA-EO13850",USOFAC-Consolidated
ROSNEFT TRADE LIMITED,TNK TRADE LIMITED,Unknown,Entity,UKRAINE-EO13662,USOFAC-Consolidated
ROSNEFT FINANCE S.A.,None,Unknown,Entity,UKRAINE-EO13662,USOFAC-Consolidated
LIMITED LIABILITY COMPANY SBERBANK CAPITAL,SBERBANK CAPITAL LLC,Unknown,Entity,"UKRAINE-EO13662, RUSSIA-EO14024",USOFAC-Consolidated
LIMITED LIABILITY COMPANY SBERBANK INVESTMENTS,SBERBANK INVESTMENTS LLC,Unknown,Entity,"UKRAINE-EO13662, RUSSIA-EO14024",USOFAC-Consolidated
JOINT STOCK COMPANY SBERBANK LEASING,CJSC SBERBANK LEASING,Unknown,Entity,"UKRAINE-EO13662, RUSSIA-EO14024",USOFAC-Consolidated
SETELEM BANK LIMITED LIABILITY COMPANY,CETELEM BANK LLC,Unknown,Entity,"UKRAINE-EO13662, RUSSIA-EO14024",USOFAC-Consolidated
OOO PS YANDEX.MONEY,LLC PS YANDEX.MONEY,Unknown,Entity,UKRAINE-EO13662,USOFAC-Consolidated
OPEN JOINT STOCK COMPANY BPS-SBERBANK,BPS SBERBANK OJSC,Unknown,Entity,"UKRAINE-EO13662, RUSSIA-EO14024",USOFAC-Consolidated
JOINT STOCK COMPANY SBERBANK,SUBSIDIARY BANK SBERBANK OF RUSSIA PUBLIC JOINT STOCK COMPANY,Unknown,Entity,"UKRAINE-EO13662, RUSSIA-EO14024",USOFAC-Consolidated
SBERBANK EUROPE AG,None,Unknown,Entity,"UKRAINE-EO13662, RUSSIA-EO14024",USOFAC-Consolidated
SB INTERNATIONAL SARL,None,Unknown,Entity,UKRAINE-EO13662,USOFAC-Consolidated
BANK VTB 24 PUBLIC JOINT STOCK COMPANY,BANK VTB 24 PUBLICHNOE AKTSIONERNOE OBSHCHESTVO,Unknown,Entity,UKRAINE-EO13662,USOFAC-Consolidated
PJSC VTB BANK (KIEV),"VTB BANK, PUBLIC JOINT STOCK COMPANY",Unknown,Entity,UKRAINE-EO13662,USOFAC-Consolidated
VTB BANK BELARUS CLOSED JOINT STOCK COMPANY,VTB BANK BELARUS CLOSED JOINT STOCK COMPANY,Unknown,Entity,"UKRAINE-EO13662, RUSSIA-EO14024",USOFAC-Consolidated
VTB BANK ARMENIA CLOSED JOINT STOCK COMPANY,SAVINGS BANK OF THE REPUBLIC OF ARMENIA,Unknown,Entity,"UKRAINE-EO13662, RUSSIA-EO14024",USOFAC-Consolidated
BANK VTB KAZAKHSTAN JOINT STOCK COMPANY,BANK VTB KAZAKHSTAN JSC,Unknown,Entity,"UKRAINE-EO13662, RUSSIA-EO14024",USOFAC-Consolidated
VTB BANK AZERBAIJAN OPEN JOINT STOCK COMPANY,BANK VTB AZERBAIJAN OJSC,Unknown,Entity,"UKRAINE-EO13662, RUSSIA-EO14024",USOFAC-Consolidated
BANCO VTB AFRICA SA,VTB AFRICA,Unknown,Entity,"UKRAINE-EO13662, RUSSIA-EO14024",USOFAC-Consolidated
VTB BANK GEORGIA JOINT STOCK COMPANY,JSC VTB BANK GEORGIA,Unknown,Entity,"UKRAINE-EO13662, RUSSIA-EO14024",USOFAC-Consolidated
VTB BANK (AUSTRIA) AG,None,Unknown,Entity,UKRAINE-EO13662,USOFAC-Consolidated
VTB BANK JSC BELGRADE,VTB BANKA AD BEOGRAD,Unknown,Entity,UKRAINE-EO13662,USOFAC-Consolidated
VTB CAPITAL HOLDINGS CLOSED JOINT STOCK COMPANY,KHOLDING VTB KAPITAL ZAKRYTOE AKTSIONERNOE OBSHCHESTVO,Unknown,Entity,"UKRAINE-EO13662, RUSSIA-EO14024",USOFAC-Consolidated
VTB PENSION ADMINISTRATOR LIMITED,VTB PENSION ADMINISTRATOR LTD,Unknown,Entity,"UKRAINE-EO13662, RUSSIA-EO14024",USOFAC-Consolidated
LIMITED LIABILITY COMPANY VTB DC,LLC VTB DC,Unknown,Entity,"UKRAINE-EO13662, RUSSIA-EO14024",USOFAC-Consolidated
VTB INSURANCE LIMITED,VTB STRAKHOVANIE STRAKHOVAYA KOMPANIYA OOO,Unknown,Entity,UKRAINE-EO13662,USOFAC-Consolidated
VTB FACTORING LTD,OBSHCHESTVO S OGRANICHENNOI OTVETSTVENNOSTYU VTB FAKTORING,Unknown,Entity,"UKRAINE-EO13662, RUSSIA-EO14024",USOFAC-Consolidated
NPF VTB PENSION FUND JOINT STOCK COMPANY,NONPROFIT ORGANIZATION NON-STATE PENSION FUND VTB PENSION FUND,Unknown,Entity,"UKRAINE-EO13662, RUSSIA-EO14024",USOFAC-Consolidated
VTB REAL ESTATE LIMITED LIABILITY COMPANY,"VTB NEDVIZHIMOST, OOO",Unknown,Entity,"UKRAINE-EO13662, RUSSIA-EO14024",USOFAC-Consolidated
VTB SPECIALIZED DEPOSITORY CLOSED JOINT STOCK COMPANY,CJS VTB SPECIALIZED DEPOSITORY,Unknown,Entity,"UKRAINE-EO13662, RUSSIA-EO14024",USOFAC-Consolidated
VTB REGISTRAR CLOSED JOINT STOCK COMPANY,VTB REGISTRAR,Unknown,Entity,"UKRAINE-EO13662, RUSSIA-EO14024",USOFAC-Consolidated
MULTICARTA,OBSHCHESTVO S OGRANICHENNOI OTVETSTVENNOSTYU MULTIKARTA,Unknown,Entity,UKRAINE-EO13662,USOFAC-Consolidated
VTB LEASING JOINT STOCK COMPANY,JSC VTB LEASING,Unknown,Entity,"UKRAINE-EO13662, RUSSIA-EO14024",USOFAC-Consolidated
AKTSIONERNOE OBSHCHESTVO SG-DEVELOPMENT,PUBLIC JOINT STOCK COMPANY HALS-DEVELOPMENT,Unknown,Entity,"UKRAINE-EO13662, RUSSIA-EO14024",USOFAC-Consolidated
AUCTION LIMITED LIABILITY COMPANY,LLC AUKCION,Unknown,Entity,"RUSSIA-EO14024, UKRAINE-EO13662",USOFAC-Consolidated
RUST CLOSED JOINT-STOCK COMPANY,CJSC RUST,Unknown,Entity,UKRAINE-EO13662,USOFAC-Consolidated
JOINT STOCK COMPANY SBERBANK AUTOMATED TRADE SYSTEM,SBERBANK-AUTOMATED TRADING SYSTEM CLOSED JOINT STOCK COMPANY,Unknown,Entity,"UKRAINE-EO13662, RUSSIA-EO14024",USOFAC-Consolidated
LIMITED LIABILITY COMPANY SBERBANK FINANCIAL COMPANY,LLC SBERBANK FINANCIAL COMPANY,Unknown,Entity,"UKRAINE-EO13662, RUSSIA-EO14024",USOFAC-Consolidated
LLC SOVREMENNYE TECHNOLOGII,MODERN TECHNOLOGIES LIMITED LIABILITY COMPANY,Unknown,Entity,UKRAINE-EO13662,USOFAC-Consolidated
SBERBANK TECHNOLOGIES CLOSED JOINT STOCK COMPANY,CJSC SBERBANK-TECHNOLOGY,Unknown,Entity,UKRAINE-EO13662,USOFAC-Consolidated
BYLINNYE BOGATYRI LIMITED LIABILITY COMPANY,LLC BYLINNYE BOGATYRI,Unknown,Entity,UKRAINE-EO13662,USOFAC-Consolidated
LIMITED LIABILITY COMPANY ACTIVE BUSINESS CONSULT,LLC ACTIVEBUSINESSCOLLECTION,Unknown,Entity,"UKRAINE-EO13662, RUSSIA-EO14024",USOFAC-Consolidated
JOINT STOCK COMPANY SBERBANK PRIVATE PENSION FUND,CJSC NON-STATE PENSION FUND OF SBERBANK,Unknown,Entity,"UKRAINE-EO13662, RUSSIA-EO14024",USOFAC-Consolidated
INSURANCE COMPANY SBERBANK INSURANCE LIMITED LIABILITY COMPANY,LLC INSURANCE COMPANY SBERBANK INSURANCE,Unknown,Entity,"UKRAINE-EO13662, RUSSIA-EO14024",USOFAC-Consolidated
LIMITED LIABILITY COMPANY SBERBANK INSURANCE BROKER,LLC INSURANCE BROKER OF SBERBANK,Unknown,Entity,"UKRAINE-EO13662, RUSSIA-EO14024",USOFAC-Consolidated
KORUS CONSULTING CIS LIMITED LIABILITY COMPANY,LLL KORUS CONSULTING CIS,Unknown,Entity,UKRAINE-EO13662,USOFAC-Consolidated
SB SECURITIES SA,None,Unknown,Entity,"UKRAINE-EO13662, RUSSIA-EO14024",USOFAC-Consolidated
RT - GLOBALNYE RESURSY OOO,RT GLOBAL RESOURCES,Unknown,Entity,UKRAINE-EO13662,USOFAC-Consolidated
JSC NPO HIGH PRECISION SYSTEMS,AKTSIONERNOE OBSHCHESTVO NPO VYSOKOTOCHNYE KOMPLEKSY,Unknown,Entity,"UKRAINE-EO13662, RUSSIA-EO14024",USOFAC-Consolidated
OPEN JOINT STOCK COMPANY RUSSIAN ELECTRONICS,JSC RUSELECTRONICS,Unknown,Entity,"UKRAINE-EO13662, RUSSIA-EO14024",USOFAC-Consolidated
OTKRYTOE AKTSIONERNOE OBSHCHESTVO VNESHNEEKONOMICHESKOE OBEDINENIE TEKHNOPROMEKSPORT,JOINT STOCK COMPANY FOREIGN ECONOMIC ASSOCIATION TECHNOPROMEXPORT,Unknown,Entity,UKRAINE-EO13662,USOFAC-Consolidated
NPK TEKHMASH OAO,OJSC MACHINE ENGINEERING TECHNOLOGIES,Unknown,Entity,"UKRAINE-EO13662, RUSSIA-EO14024",USOFAC-Consolidated
OTKRYTOE AKTSIONERNOE OBSHCHESTVO KONTSERN AVIATSIONNOE OBORUDOVANIE,JOINT STOCK COMPANY CONCERN OF AVIATION EQUIPMENT,Unknown,Entity,UKRAINE-EO13662,USOFAC-Consolidated
JOINT STOCK COMPANY TEKHNODINAMIKA,JSC TEKHNODINAMIKA,Unknown,Entity,"UKRAINE-EO13662, RUSSIA-EO14024",USOFAC-Consolidated
OTKRYTOE AKTSIONERNOE OBSHCHESTVO RT-STANKOINSTRUMENT,"RT-STANKOINSTRUMENT, OAO",Unknown,Entity,UKRAINE-EO13662,USOFAC-Consolidated
AKTSIONERNOE OBSHCHESTVO RT-KHIMICHESKIE TEKHNOLOGII I KOMPOZITSIONNYE MATERIALY,JOINT STOCK COMPANY RT-CHEMICAL TECHNOLOGIES AND COMPOSITE MATERIALS,Unknown,Entity,UKRAINE-EO13662,USOFAC-Consolidated
AKTSIONERNOE OBSHCHESTVO RT-BIOTEKHPROM,"RT-BIOTEKHPROM, AO",Unknown,Entity,UKRAINE-EO13662,USOFAC-Consolidated
AKTSIONERNOE OBSHCHESTVO RT-AVTO,"RT-AVTO, AO",Unknown,Entity,UKRAINE-EO13662,USOFAC-Consolidated
JOINT STOCK COMPANY SHVABE,AKTSIONERNOE OBSHCHESTVO SHVABE,Unknown,Entity,"UKRAINE-EO13662, RUSSIA-EO14024",USOFAC-Consolidated
OBSCHESTVO S OGRANICHENNOI OTVETSTVENNOSTYU PROMINVEST,"PROMINVEST, OOO",Unknown,Entity,UKRAINE-EO13662,USOFAC-Consolidated
OBIEDINENNAYA PROMYSHLENNAYA KORPORATSIYA OBORONPROM OAO,OPK OBORONPROM OAO,Unknown,Entity,UKRAINE-EO13662,USOFAC-Consolidated
ROSOBORONEKSPORT OAO,RUSSIAN DEFENSE EXPORT ROSOBORONEXPORT,Unknown,Entity,"SYRIA, UKRAINE-EO13662, RUSSIA-EO14024, IRAN-CON-ARMS-EO",USOFAC-Consolidated
KONTSERN SIRIUS OAO,CONCERN SIRIUS JOINT STOCK COMPANY,Unknown,Entity,UKRAINE-EO13662,USOFAC-Consolidated
JOINT STOCK COMMERCIAL BANK NOVIKOMBANK,AKTSIONERNY KOMMERCHESKI BANK NOVIKOMBANK AKTSIONERNOE OBSHCHESTVO,Unknown,Entity,"UKRAINE-EO13662, RUSSIA-EO14024",USOFAC-Consolidated
AKTSIONERNOE OBSHCHESTVO RT-OKHRANA,"RT-OKHRANA, AO",Unknown,Entity,UKRAINE-EO13662,USOFAC-Consolidated
OTKRYTOE AKTSIONERNOE OBSHCHESTVO TEKHNOLOGII BEZOPASNOSTI,"TEKHNOLOGII BEZOPASNOSTI, OAO",Unknown,Entity,UKRAINE-EO13662,USOFAC-Consolidated
UNITED INSTRUMENT MANUFACTURING CORPORATION,JSC-UNITED-INSTRUMENT-MANUFACTURING-CORPORATION,Unknown,Entity,UKRAINE-EO13662,USOFAC-Consolidated
RT-INFORM LIMITED LIABILITY COMPANY,RT-INFORM LLC,Unknown,Entity,"UKRAINE-EO13662, RUSSIA-EO14024",USOFAC-Consolidated
KONTSERN ORION OAO,ORION CONCERN OPEN JOINT STOCK COMPANY,Unknown,Entity,UKRAINE-EO13662,USOFAC-Consolidated
RT-METALLURGIYA OAO,OPEN JOINT-STOCK COMPANY RT-METALLURGIYA,Unknown,Entity,UKRAINE-EO13662,USOFAC-Consolidated
KONTSERN AVIAPRIBOROSTROENIE OAO,AIRCRAFT ENGINEERING CONCERN OPEN JOINT STOCK COMPANY,Unknown,Entity,UKRAINE-EO13662,USOFAC-Consolidated
90 EKSPERIMENTALNY ZAVOD OAO,90 EXPERIMENTAL PLANT OPEN JOINT STOCK COMPANY,Unknown,Entity,UKRAINE-EO13662,USOFAC-Consolidated
AKTSIONERNOE OBSHCHESTVO TSENTRALNOE KONSTRUKTORSKOE BYURO SPETSIALNYKH RADIOMATERIALOV,"TSKB RM, AO",Unknown,Entity,UKRAINE-EO13662,USOFAC-Consolidated
AKTSIONERNOE OBSHCHESTVO MOSKOVSKI MASHINOSTROITELNY EKSPERIMENTALNY ZAVOD - KOMPOZITSIONNYE TEKHNOLOGII,MOSCOW MECHANICAL EXPERIMENTAL PLANT - COMPOSITE TECHNOLOGIES OPEN JOINT STOCK COMPANY,Unknown,Entity,UKRAINE-EO13662,USOFAC-Consolidated
OTKRYTOE AKTSIONERNOE OBSHCHESTVO NOVO-VYATKA,NOVO VYATKA OPEN JOINT STOCK COMPANY,Unknown,Entity,"UKRAINE-EO13662, RUSSIA-EO14024",USOFAC-Consolidated
AKTSIONERNOE OBSHCHESTVO NAUCHNO-PROIZVODSTVENNOE OBEDINENIE OPTIKA,"NPO OPTIKA, AO",Unknown,Entity,UKRAINE-EO13662,USOFAC-Consolidated
OTKRYTOE AKTSIONERNOE OBSHCHESTVO VNESHNEEKONOMICHESKOE OBEDINENIE STANKOIMPORT,"VO STANKOIMPORT, OAO",Unknown,Entity,UKRAINE-EO13662,USOFAC-Consolidated
OTKRYTOE AKTSIONERNOE OBSHCHESTVO NOVOSIBIRSKOE PROIZVODSTVENNOE OBEDINENIE LUCH,"NPO LUCH, OAO",Unknown,Entity,UKRAINE-EO13662,USOFAC-Consolidated
OTKRYTOE AKTSIONERNOE OBSHCHESTVO NAUCHNO-PROIZVODSTVENNOE OBEDINENIE SPLAV,"NPO SPLAV, OAO",Unknown,Entity,UKRAINE-EO13662,USOFAC-Consolidated
OTKRYTOE AKTSIONERNOE OBSHCHESTVO NOVOVYATSKI MEKHANICHESKI ZAVOD,OPEN JOINT STOCK COMPANY NOVOVYATSK MECHANICAL PLANT,Unknown,Entity,UKRAINE-EO13662,USOFAC-Consolidated
OBSHCHESTVO S OGRANICHENNOI OTVETSTVENNOSTYU RT-ENERGOEFFEKTIVNOST,"RT-ENERGO, OOO",Unknown,Entity,UKRAINE-EO13662,USOFAC-Consolidated
OTKRYTOE AKTSIONERNOE OBSHCHESTVO KALINOVSKI KHIMICHESKI ZAVOD,"KKHZ, OAO",Unknown,Entity,UKRAINE-EO13662,USOFAC-Consolidated
AKTSIONERNOE OBSHCHESTVO NOVOSIBIRSKI ZAVOD POLUPROVODNIKOVYKH PRIBOROV S OKB,NOVOSIBIRSK FACTORY OF SEMICONDUCTOR DEVICES WITH THE SPECIAL DESIGN CENTRE PUBLIK JOINT STOCK COMPANY,Unknown,Entity,UKRAINE-EO13662,USOFAC-Consolidated
AKTSIONERNOE OBSHCHESTVO RT-STROITELNYE TEKHNOLOGII,"RT-STROITELNYE TEKHNOLOGII, AO",Unknown,Entity,UKRAINE-EO13662,USOFAC-Consolidated
MZ MAYAK OAO,MAYAK MACHINE BUILDING PLANT OPEN JOINT STOCK COMPANY,Unknown,Entity,UKRAINE-EO13662,USOFAC-Consolidated
ULYANOVSKI GIPROAVIAPROM OAO,ULYANOVSKIY GIPROAVIAPROM OJSC,Unknown,Entity,UKRAINE-EO13662,USOFAC-Consolidated
OBEDINENNAYA DVIGATELESTROITELNAYA KORPORATSIYA OAO,UNITED ENGINE CORPORATION JSC,Unknown,Entity,UKRAINE-EO13662,USOFAC-Consolidated
VERTOLETY ROSSII AO,RUSSIAN HELICOPTERS JOINT STOCK COMPANY,Unknown,Entity,"UKRAINE-EO13662, RUSSIA-EO14024",USOFAC-Consolidated
"GAZPROM DOBYCHA YAMBURG, OOO",GAZPROM DOBYCHA YAMBURG,Unknown,Entity,UKRAINE-EO13662,USOFAC-Consolidated
"GAZPROM TRANSGAZ YUGORSK, OOO",GAZPROM TRANSGAZ YUGORSK,Unknown,Entity,UKRAINE-EO13662,USOFAC-Consolidated
"NIIGAZEKONOMIKA, OOO",NIIGAZECONOMIKA,Unknown,Entity,UKRAINE-EO13662,USOFAC-Consolidated
"GAZPROM TRANSGAZ SANKT-PETERBURG, OOO",GAZPROM TRANSGAZ SAINT PETERSBURG,Unknown,Entity,UKRAINE-EO13662,USOFAC-Consolidated
"GAZPROM TRANSGAZ STAVROPOL, OOO",GAZPROM TRANSGAZ STAVROPOL,Unknown,Entity,UKRAINE-EO13662,USOFAC-Consolidated
"GAZPROM RUSSKAYA, OOO",GAZPROM RUSSKAYA,Unknown,Entity,UKRAINE-EO13662,USOFAC-Consolidated
"GAZPROM ENERGO, OOO",GAZPROM ENERGO,Unknown,Entity,UKRAINE-EO13662,USOFAC-Consolidated
"GAZPROM DOBYCHA NADYM, OOO",GAZPROM DOBYCHA NADYM,Unknown,Entity,UKRAINE-EO13662,USOFAC-Consolidated
"GAZPROM SVYAZ, OOO",GAZPROM SVYAZ,Unknown,Entity,UKRAINE-EO13662,USOFAC-Consolidated
"GAZPROM MEZHREGIONGAZ, OOO",GAZPROM MEZHREGIONGAZ,Unknown,Entity,UKRAINE-EO13662,USOFAC-Consolidated
"GAZPROM DOBYCHA KUZNETSK, OOO",GAZPROM DOBYCHA KUZNETSK,Unknown,Entity,UKRAINE-EO13662,USOFAC-Consolidated
"GAZPROM TRANSGAZ UKHTA, OOO",GAZPROM TRANSGAZ UKHTA,Unknown,Entity,UKRAINE-EO13662,USOFAC-Consolidated
"GAZPROM TRANSGAZ KAZAN, OOO",GAZPROM TRANSGAZ KAZAN,Unknown,Entity,UKRAINE-EO13662,USOFAC-Consolidated
"GAZPROM TRANSGAZ SARATOV, OOO",GAZPROM TRANSGAZ SARATOV,Unknown,Entity,UKRAINE-EO13662,USOFAC-Consolidated
"GAZPROM SOTSINVEST, OOO",GAZPROM SOTSINVEST,Unknown,Entity,UKRAINE-EO13662,USOFAC-Consolidated
"GAZPROM DOBYCHA NOYABRSK, OOO",GAZPROM DOBYCHA NOYABRSK,Unknown,Entity,UKRAINE-EO13662,USOFAC-Consolidated
"GAZPROM GAZOBEZOPASNOST, OOO",GAZPROM GAZOBEZOPASNOST,Unknown,Entity,UKRAINE-EO13662,USOFAC-Consolidated
"GAZPROM FLOT, OOO",GAZPROM FLOT,Unknown,Entity,UKRAINE-EO13662,USOFAC-Consolidated
"GAZ-OIL, OOO",GAZ-OIL,Unknown,Entity,UKRAINE-EO13662,USOFAC-Consolidated
"GAZPROM INVEST, OOO",GAZPROM INVEST,Unknown,Entity,"UKRAINE-EO13662, RUSSIA-EO14024",USOFAC-Consolidated
"GAZPROM TSENTRREMONT, OOO",GAZPROM TSENTRREMONT,Unknown,Entity,UKRAINE-EO13662,USOFAC-Consolidated
"GAZPROM DOBYCHA KRASNODAR, OOO",GAZPROM DOBYCHA KRASNODAR,Unknown,Entity,UKRAINE-EO13662,USOFAC-Consolidated
"GAZPROM TRANSGAZ KRASNODAR, OOO",GAZPROM TRANSGAZ KRASNODAR,Unknown,Entity,UKRAINE-EO13662,USOFAC-Consolidated
"GAZPROM PERSONAL, OOO",GAZPROM PERSONAL,Unknown,Entity,UKRAINE-EO13662,USOFAC-Consolidated
"GAZPROM PERERABOTKA, OOO",GAZPROM PERERABOTKA,Unknown,Entity,UKRAINE-EO13662,USOFAC-Consolidated
"GAZPROM TRANSGAZ VOLGOGRAD, OOO",GAZPROM TRANSGAZ VOLGOGRAD,Unknown,Entity,UKRAINE-EO13662,USOFAC-Consolidated
"GAZPROM TRANSGAZ TOMSK, OOO",GAZPROM TRANSGAZ TOMSK,Unknown,Entity,UKRAINE-EO13662,USOFAC-Consolidated
"GAZPROM TRANSGAZ SURGUT, OOO",GAZPROM TRANSGAZ SURGUT,Unknown,Entity,UKRAINE-EO13662,USOFAC-Consolidated
"GAZPROM TRANSGAZ NIZHNI NOVGOROD, OOO",GAZPROM TRANSGAZ NIZHNY NOVGOROD,Unknown,Entity,UKRAINE-EO13662,USOFAC-Consolidated
"GAZPROM GAZNADZOR, OOO",GAZPROM GAZNADZOR,Unknown,Entity,UKRAINE-EO13662,USOFAC-Consolidated
"GAZPROM KOMPLEKTATSIYA, OOO",GAZPROM KOMPLEKTATSIYA,Unknown,Entity,UKRAINE-EO13662,USOFAC-Consolidated
"GAZPROM VNIIGAZ, OOO",GAZPROM VNIIGAZ,Unknown,Entity,"UKRAINE-EO13662, RUSSIA-EO14024",USOFAC-Consolidated
"GAZPROM TELEKOM, OOO",GAZPROM TELECOM,Unknown,Entity,UKRAINE-EO13662,USOFAC-Consolidated
"GAZPROM INFORM, OOO",GAZPROM INFORM,Unknown,Entity,UKRAINE-EO13662,USOFAC-Consolidated
"GAZPROM DOBYCHA IRKUTSK, OOO",GAZPROM DOBYCHA IRKUTSK,Unknown,Entity,UKRAINE-EO13662,USOFAC-Consolidated
"GAZMASH, AO",GAZMASH,Unknown,Entity,UKRAINE-EO13662,USOFAC-Consolidated
"GAZPROM TRANSGAZ SAMARA, OOO",GAZPROM TRANSGAZ SAMARA,Unknown,Entity,UKRAINE-EO13662,USOFAC-Consolidated
"GAZPROM KAPITAL, OOO",GAZPROM KAPITAL,Unknown,Entity,UKRAINE-EO13662,USOFAC-Consolidated
"YAMALGAZINVEST, ZAO",YAMALGAZINVEST,Unknown,Entity,UKRAINE-EO13662,USOFAC-Consolidated
"GAZPROM DOBYCHA URENGOI, OOO",GAZPROM DOBYCHA URENGOY,Unknown,Entity,UKRAINE-EO13662,USOFAC-Consolidated
"GAZPROM GEOLOGORAZVEDKA, OOO",GAZPROM GEOLOGORAZVEDKA,Unknown,Entity,UKRAINE-EO13662,USOFAC-Consolidated
"GAZPROM TRANSGAZ MAKHACHKALA, OOO",GAZPROM TRANSGAZ MAKHACHKALA,Unknown,Entity,UKRAINE-EO13662,USOFAC-Consolidated
"GAZPROM TRANSGAZ UFA, OOO",GAZPROM TRANSGAZ UFA,Unknown,Entity,UKRAINE-EO13662,USOFAC-Consolidated
"VOSTOKGAZPROM, OAO",VOSTOKGAZPROM,Unknown,Entity,UKRAINE-EO13662,USOFAC-Consolidated
"LAZURNAYA, OOO",LAZURNAYA,Unknown,Entity,UKRAINE-EO13662,USOFAC-Consolidated
"GAZPROM PROMGAZ, AO",GAZPROM PROMGAZ,Unknown,Entity,UKRAINE-EO13662,USOFAC-Consolidated
"KAMCHATGAZPROM, OAO",KAMCHATGAZPROM,Unknown,Entity,UKRAINE-EO13662,USOFAC-Consolidated
"DALTRANSGAZ, OAO",DALTRANSGAZ,Unknown,Entity,UKRAINE-EO13662,USOFAC-Consolidated
"DRUZHBA, AO",DRUZHBA,Unknown,Entity,UKRAINE-EO13662,USOFAC-Consolidated
"KRASNOYARSKGAZPROM, PAO",KRASNOYARSKGAZPROM,Unknown,Entity,UKRAINE-EO13662,USOFAC-Consolidated
"ACHIM DEVELOPMENT, OOO",ACHIM DEVELOPMENT,Unknown,Entity,UKRAINE-EO13662,USOFAC-Consolidated
"SG MSK, AO",OPEN JOINT STOK COMPANY 'INSURANCE GROUP MCK',Unknown,Entity,UKRAINE-EO13662,USOFAC-Consolidated
"BM PROEKT, OOO",BM PROJECT LLC,Unknown,Entity,UKRAINE-EO13662,USOFAC-Consolidated
LLC BALTECH,BALTECH LLC,Unknown,Entity,UKRAINE-EO13662,USOFAC-Consolidated
BM HOLDING AG,BM HOLDING LTD,Unknown,Entity,UKRAINE-EO13662,USOFAC-Consolidated
BOM ASSET MANAGEMENT LTD,None,Unknown,Entity,UKRAINE-EO13662,USOFAC-Consolidated
BOM FINANCE LTD,None,Unknown,Entity,UKRAINE-EO13662,USOFAC-Consolidated
BOM PROJECT FINANCING LTD,BOM PROJECT FINANCING LIMITED,Unknown,Entity,UKRAINE-EO13662,USOFAC-Consolidated
CROSSPLANET LTD,None,Unknown,Entity,UKRAINE-EO13662,USOFAC-Consolidated
FINANSOVY ASSISTENT CJSC,ZAO 'FINANSOVY ASSISTANT',Unknown,Entity,UKRAINE-EO13662,USOFAC-Consolidated
"BPO PECHATNIKI, OAO",OPEN JOINT STOCK COMPANY 'BUMAZHNO-POLIGRAFICHESKOYE OBYEDINENIYE 'PECHATNIKI',Unknown,Entity,UKRAINE-EO13662,USOFAC-Consolidated
UNITED COMPANY OJSC,OJSC UNITED COMPANY,Unknown,Entity,UKRAINE-EO13662,USOFAC-Consolidated
BM BANK PUBLIC JOINT STOCK COMPANY,BMBANK JSC,Unknown,Entity,UKRAINE-EO13662,USOFAC-Consolidated
"LESPROMPROTSESSING, ZAO",CLOSED JOINT-STOCK COMPANY 'LESPROMPROCESSING',Unknown,Entity,UKRAINE-EO13662,USOFAC-Consolidated
"RIELTSITI, OOO",OBSHCHESTVO S GRANICHENNOI OTVETSTVENNOSTYU 'RIELTSITI',Unknown,Entity,UKRAINE-EO13662,USOFAC-Consolidated
"MEZHDUNARODNAYA UPRAVLYAYUSHCHAYA KOMPANIYA, AO",JOINT STOCK COMPANY 'MEZHDUNARODNAYA UPRAVLYAYUSHCHAYA KOMPANIYA',Unknown,Entity,UKRAINE-EO13662,USOFAC-Consolidated
"BM-DIREKTSIYA, OOO",BM DIREKTSIYA LLC,Unknown,Entity,UKRAINE-EO13662,USOFAC-Consolidated
OPEN JOINT STOCK COMPANY CHAYKA,PJSC CHAIKA,Unknown,Entity,UKRAINE-EO13662,USOFAC-Consolidated
AUTOMATED BANKING TECHNOLOGIES CJSC,CJSC 'AUTOMATED BANKING TECHNOLOGIES',Unknown,Entity,UKRAINE-EO13662,USOFAC-Consolidated
CREDIT URAL BANK,CREDIT URAL BANK JOINT-STOCK COMPANY,Unknown,Entity,UKRAINE-EO13662,USOFAC-Consolidated
GAZKARDSERVIS OOO,LIMITED LIABILITY COMPANY GAZKARDSERVIS,Unknown,Entity,UKRAINE-EO13662,USOFAC-Consolidated
GAZPROM MEDIA HOLDING,JSC GAZPROM-MEDIA HOLDING,Unknown,Entity,UKRAINE-EO13662,USOFAC-Consolidated
GAZPROMBANK LEASING ZAO,CLOSED JOINT-STOCK COMPANY GAZPROMBANK LIZING,Unknown,Entity,UKRAINE-EO13662,USOFAC-Consolidated
GAZPROMBANK UPRAVLENIE AKTIVAMI,GAZPROMBANK ASSET MANAGEMENT ZAO,Unknown,Entity,UKRAINE-EO13662,USOFAC-Consolidated
GPB-FACTORING OOO,LIMITED LIABILITY COMPANY GPB-FAKTORING,Unknown,Entity,UKRAINE-EO13662,USOFAC-Consolidated
GPB INVEST OOO,LIMITED LIABILITY COMPANY GAZPROMBANK-INVEST,Unknown,Entity,UKRAINE-EO13662,USOFAC-Consolidated
NEW FINANCIAL TECHNOLOGIES OOO,CLOSED JOINT-STOCK COMPANY NOVYE FINANSOVYE TEKHNOLOGII,Unknown,Entity,UKRAINE-EO13662,USOFAC-Consolidated
PO URALENERGOMONTAZH ZAO,PO UEM JSC,Unknown,Entity,UKRAINE-EO13662,USOFAC-Consolidated
GPB-MORTGAGE JSC,JOINT-STOCK BANK GPB-MORTGAGE CLOSED JOINT STOCK COMPANY,Unknown,Entity,UKRAINE-EO13662,USOFAC-Consolidated
IZ KARTEKS OOO,IZ-KARTEX NAMED AFTER P.G. KOROBKOV LTD,Unknown,Entity,UKRAINE-EO13662,USOFAC-Consolidated
IZHORSKIYE ZAVODY OAO,OPEN JOINT STOCK COMPANY IZHORSKIE ZAVODY,Unknown,Entity,UKRAINE-EO13662,USOFAC-Consolidated
KRIOGENMASH OAO,CRYOGENMASH,Unknown,Entity,"RUSSIA-EO14024, UKRAINE-EO13662",USOFAC-Consolidated
OMZ OAO,OBYEDINYONNYE MASHINOSTROITELNYE ZAVODY (GRUPPA URALMASH-IZHORA),Unknown,Entity,UKRAINE-EO13662,USOFAC-Consolidated
OMZ SPETSSTAL OOO,LIMITED LIABILITY COMPANY OMZ-SPETSSTAL,Unknown,Entity,UKRAINE-EO13662,USOFAC-Consolidated
URALMASHZAVOD OAO,URALMASHPLANT,Unknown,Entity,UKRAINE-EO13662,USOFAC-Consolidated
AREXIMBANK-GAZPROMBANK GROUP CJSC,ARMENIAN-RUSSIAN EXPORT-IMPORT BANK-GAZPROMBANK GROUP CLOSED JOINT-STOCK COMPANY,Unknown,Entity,UKRAINE-EO13662,USOFAC-Consolidated
GAZPROMBANK (SWITZERLAND) LTD,GAZPROMBANK SCHWEIZ AG,Unknown,Entity,"UKRAINE-EO13662, RUSSIA-EO14024",USOFAC-Consolidated
CENTREX EUROPE ENERGY AND GAS AG,CENTREX EUROPE ENERGY & GAS AG,Unknown,Entity,UKRAINE-EO13662,USOFAC-Consolidated
GPB-DI HOLDINGS LIMITED,SIRITIA VENTURES LTD,Unknown,Entity,"UKRAINE-EO13662, RUSSIA-EO14024",USOFAC-Consolidated
GPB FINANCIAL SERVICES LIMITED,None,Unknown,Entity,"UKRAINE-EO13662, RUSSIA-EO14024",USOFAC-Consolidated
GPB GLOBAL RESOURCES BV,None,Unknown,Entity,UKRAINE-EO13662,USOFAC-Consolidated
GPB INTERNATIONAL SA,None,Unknown,Entity,"UKRAINE-EO13662, RUSSIA-EO14024",USOFAC-Consolidated
NAGELFAR TRADE AND INVEST LIMITED,NAGELFAR TRADE & INVEST LIMITED,Unknown,Entity,UKRAINE-EO13662,USOFAC-Consolidated
GAZPROMBANK LATIN AMERICA VENTURES BV,None,Unknown,Entity,UKRAINE-EO13662,USOFAC-Consolidated
"TD AGROTORG, OOO",OBSHCHESTVO S OGRANICHENNOI OTVETSTVENNOSTYU 'TORGOVY' DOM 'AGROTORG',Unknown,Entity,UKRAINE-EO13662,USOFAC-Consolidated
"RASSVET, OAO",OTKRYTOE AKTSIONERNOE OBSHCHESTVO 'RASSVET',Unknown,Entity,UKRAINE-EO13662,USOFAC-Consolidated
"AGROKREDIT-INFORM, AO",AKTSIONERNOE OBSHCHESTVO 'AGROKREDIT-INFORM',Unknown,Entity,UKRAINE-EO13662,USOFAC-Consolidated
"UMANSKI ELEVATOR, OAO",OTKRYTOE AKTSIONERNOE OBSHCHESTVO 'UMANSKI ELEVATOR',Unknown,Entity,UKRAINE-EO13662,USOFAC-Consolidated
"BELOGLINSKI ELEVATOR, OAO",OTKRYTOE AKTSIONERNOE OBSHCHESTVO 'BELOGLINSKI ELEVATOR',Unknown,Entity,UKRAINE-EO13662,USOFAC-Consolidated
"LADOZHSKI ELEVATOR, OAO",OTKRYTOE AKTSIONERNOE OBSHCHESTVO 'LADOZHSKI ELEVATOR',Unknown,Entity,UKRAINE-EO13662,USOFAC-Consolidated
"VELICHKOVSKI ELEVATOR, OAO",OTKRYTOE AKTSIONERNOE OBSHCHESTVO 'VELICHKOVSKI ELEVATOR',Unknown,Entity,UKRAINE-EO13662,USOFAC-Consolidated
"EYANSKI ELEVATOR, OAO",OTKRYTOE AKTSIONERNOE OBSHCHESTVO 'EYANSKI ELEVATOR',Unknown,Entity,UKRAINE-EO13662,USOFAC-Consolidated
"KHOMYAKOVSKI KHLADOKOMBINAT, ZAO",ZAKRYTOE AKTSIONERNOE OBSHCHESTVO 'KHOMYAKOVSKI KHLADOKOMBINAT',Unknown,Entity,UKRAINE-EO13662,USOFAC-Consolidated
"MALOROSSISKI ELEVATOR, OAO",OTKRYTOE AKTSIONERNOE OBSHCHESTVO 'MALOROSSISKI ELEVATOR',Unknown,Entity,UKRAINE-EO13662,USOFAC-Consolidated
"KRYLOVSKI ELEVATOR, OAO",OTKRYTOE AKTSIONERNOE OBSHCHESTVO 'KRYLOVSKI ELVATOR',Unknown,Entity,UKRAINE-EO13662,USOFAC-Consolidated
"ROVNENSKI ELEVATOR, OAO",OTKRYTOE AKTSIONERNOE OBSHCHESTVO 'ROVNENSKI ELEVATOR',Unknown,Entity,UKRAINE-EO13662,USOFAC-Consolidated
"STEPNYANSKI ELEVATOR, OAO",OTKRYTOE AKTSIONERNOE OBSHCHESTVO 'STEPNYANSKI ELEVATOR',Unknown,Entity,UKRAINE-EO13662,USOFAC-Consolidated
"ALBASHSKI ELEVATOR, OAO",OTKRYTOE AKTSIONERNOE OBSHCHESTVO 'ALBASHSKI ELEVATOR',Unknown,Entity,UKRAINE-EO13662,USOFAC-Consolidated
"NOVATEK-UST-LUGA, OOO",OBSHCHESTVO S OGRANICHENNOI OTVETSTVENNOSTYU 'NOVATEK-UST-LUGA',Unknown,Entity,UKRAINE-EO13662,USOFAC-Consolidated
"SHERVUD PREMER, OOO",OBSHCHESTVO S OGRANICHENNOI OTVETSTVENNOSTYU 'SHERVUD PREMER',Unknown,Entity,UKRAINE-EO13662,USOFAC-Consolidated
"NOVATEK-TARKOSALENEFTEGAZ, OOO",OBSHCHESTVO S OGRANICHENNOI OTVETSTVENNOSTYU 'NOVATEK-TARKOSALENEFTEGAZ',Unknown,Entity,UKRAINE-EO13662,USOFAC-Consolidated
"NOVATEK SEVERO-ZAPAD, OOO",OBSHCHESTVO S OGRANICHENNOI OTVETSTVENNOSTYU 'NOVATEK SEVERO-ZAPAD',Unknown,Entity,UKRAINE-EO13662,USOFAC-Consolidated
"NOVATEK-PUROVSKI ZPK, OOO",OBSHCHESTVO S OGRANICHENNOI OTVETSTVENNOSTYU 'NOVATEK-PUROVSKI ZPK',Unknown,Entity,UKRAINE-EO13662,USOFAC-Consolidated
"NOVATEK-TRANSERVIS, OOO",OBSHCHESTVO S OGRANICHENNOI OTVETSTVENNOSTYU 'NOVATEK-TRANSERVIS',Unknown,Entity,UKRAINE-EO13662,USOFAC-Consolidated
"NOVATEK-PERM, OOO",OBSHCHESTVO S OGRANICHENNOI OTVETSTVENNOSTYU 'NOVATEK-PERM',Unknown,Entity,UKRAINE-EO13662,USOFAC-Consolidated
"NOVATEK-CHELYABINSK, OOO",OBSHCHESTVO S OGRANICHENNOI OTVETSTVENNOSTYU 'NOVATEK- CHELYABINSK',Unknown,Entity,UKRAINE-EO13662,USOFAC-Consolidated
"NOVATEK-YARSALENEFTEGAZ, OOO",OBSHCHESTVO S OGRANICHENNOI OTVETSTVENNOSTYU 'NOVATEK-YARSALENEFTEGAZ',Unknown,Entity,UKRAINE-EO13662,USOFAC-Consolidated
"NOVATEK-KOSTROMA, OOO",OBSHCHESTVO S OGRANICHENNOI OTVETSTVENNOSTYU 'NOVATEK-KOSTROMA',Unknown,Entity,UKRAINE-EO13662,USOFAC-Consolidated
"TERNEFTEGAZ, ZAO",ZAO TERNEFTGAS,Unknown,Entity,UKRAINE-EO13662,USOFAC-Consolidated
"YARGEO, OOO",OBSHCHESTVO S OGRANICHENNOI OTVETSTVENNOSTYU 'YARGEO',Unknown,Entity,UKRAINE-EO13662,USOFAC-Consolidated
"TRANSNEFT FINANS, OOO",OBSHCHESTVO S OGRANICHENNOI OTVETSTVENNOSTYU 'TRANSNEFT FINANS',Unknown,Entity,UKRAINE-EO13662,USOFAC-Consolidated
"TRANSNEFT-MEDIA, OOO",OBSHCHESTVO S OGRANICHENNOI OTVETSTVENNOSTYU 'TRANSNEFT - MEDIA',Unknown,Entity,UKRAINE-EO13662,USOFAC-Consolidated
"TRANSNEFT-PRIVOLGA, AO",AKTSIONERNOE OBSHCHESTVO 'TRANSNEFT-PRIVOLGA',Unknown,Entity,UKRAINE-EO13662,USOFAC-Consolidated
"TRANSNEFT-SIBIR, AO",AKTSIONERNOE OBSHCHESTVO 'TRANSNEFT - SIBIR',Unknown,Entity,UKRAINE-EO13662,USOFAC-Consolidated
"DSD, OOO",OBSHCHESTVO S OGRANICHENNOI OTVETSTVENNOSTYU 'DALNEVOSTOCHNAYA STROITELNAYA DIREKTSIYA',Unknown,Entity,UKRAINE-EO13662,USOFAC-Consolidated
"SVYAZTRANSNEFT, AO",AKTSIONERNOE OBSHCHESTVO 'SVYAZ OBEKTOV TRANSPORTA I DOBYCHI NEFTI',Unknown,Entity,UKRAINE-EO13662,USOFAC-Consolidated
"TRANSNEFT-URAL, AO",AKTSIONERNOE OBSHCHESTVO 'TRANSNEFT - URAL',Unknown,Entity,UKRAINE-EO13662,USOFAC-Consolidated
"TRANSNEFTEPRODUKT, PAO",AKTSIONERNOE OBSHCHESTVO 'TRANSNEFTEPRODUKT',Unknown,Entity,UKRAINE-EO13662,USOFAC-Consolidated
"TRANSNEFT-DRUZHBA, AO",AKTSIONERNOE OBSHCHESTVO 'TRANSNEFT - DRUZHBA',Unknown,Entity,UKRAINE-EO13662,USOFAC-Consolidated
"GIPROTRUBOPROVOD, AO",AKTSIONERNOE OBSHCHESTVO 'INSTITUT PO PROEKTIROVANIYU MAGISTRALNYKH TRUBOPROVODOV',Unknown,Entity,UKRAINE-EO13662,USOFAC-Consolidated
"CHERNOMORTRANSNEFT, AO",AKTSIONERNOE OBSHCHESTVO 'CHERNOMORSKIE MAGISTRALNYE NEFTEPROVODY',Unknown,Entity,UKRAINE-EO13662,USOFAC-Consolidated
"TSUP VSTO, OOO",OBSHCHESTVO S OGRANICHENNOI OTVETSTVENNOSTYU 'TSENTR UPRAVLENIYA PROEKTOM 'VOSTOCHNAYA SIBIR - TIKHI OKEAN',Unknown,Entity,UKRAINE-EO13662,USOFAC-Consolidated
"TRANSNEFT-TSENTRALNAYA SIBIR, AO",AKTSIONERNOE OBSHCHESTVO 'TRANSNEFT - TSENTRALNAYA SIBIR',Unknown,Entity,UKRAINE-EO13662,USOFAC-Consolidated
"TRANSNEFT-SEVER, AO",AKTSIONERNOE OBSHCHESTVO 'TRANSNEFT - SEVER',Unknown,Entity,UKRAINE-EO13662,USOFAC-Consolidated
"TRANSNEFT-OKHRANA, OOO",OBSHCHESTVO S OGRANICHENNOI OTVETSTVENNOSTYU 'TRANSNEFT-OKHRANA',Unknown,Entity,UKRAINE-EO13662,USOFAC-Consolidated
"TRANSNEFT-PODVODSERVIS, AO",AKTSIONERNOE OBSHCHESTVO 'TRANSNEFT-PODVODSERVIS',Unknown,Entity,UKRAINE-EO13662,USOFAC-Consolidated
"TRANSNEFT-DIASKAN, AO",AKTSIONERNOE OBSHCHESTVO 'TRANSNEFT - DIASKAN',Unknown,Entity,UKRAINE-EO13662,USOFAC-Consolidated
"NPF TRANSNEFT, AO",AKTSIONERNOE OBSHCHESTVO 'NEGOSUDARSTVENNY PENSIONNY FOND 'TRANSNEFT',Unknown,Entity,UKRAINE-EO13662,USOFAC-Consolidated
"TRANSNEFT-METROLOGIYA, AO",AKTSIONERNOE OBSHCHESTVO 'TRANSNEFTMETROLOGIYA',Unknown,Entity,UKRAINE-EO13662,USOFAC-Consolidated
"TRANSNEFT-PRIKAME, AO",AKTSIONERNOE OBSHCHESTVO 'TRANSNEFT - PRIKAME',Unknown,Entity,UKRAINE-EO13662,USOFAC-Consolidated
LENGIPRONEFTEKHIM OOO,LLC LENGIPRONEFTEKHIM,Unknown,Entity,"UKRAINE-EO13662, RUSSIA-EO14024",USOFAC-Consolidated
SURGUTMEBEL OOO,"SURGUTMEBEL, LLC",Unknown,Entity,UKRAINE-EO13662,USOFAC-Consolidated
MEDIA-INVEST OOO,LLC MEDIA-INVEST,Unknown,Entity,UKRAINE-EO13662,USOFAC-Consolidated
PSKOVNEFTEPRODUKT OOO,LIMITED LIABILITY COMPANY PSKOVNEFTEPRODUCT,Unknown,Entity,"UKRAINE-EO13662, RUSSIA-EO14024",USOFAC-Consolidated
NOVGORODNEFTEPRODUCT OOO,NOVGORODNEFTEPRODUKT LLC,Unknown,Entity,"UKRAINE-EO13662, RUSSIA-EO14024",USOFAC-Consolidated
SOVKHOZ CHERVISHEVSKI PAO,OJSC SOVKHOZ CHERVISHEVSKY,Unknown,Entity,UKRAINE-EO13662,USOFAC-Consolidated
KINEF OOO,LLC KINEF,Unknown,Entity,"UKRAINE-EO13662, RUSSIA-EO14024",USOFAC-Consolidated
KALININGRADNEFTEPRODUKT OOO,KALININGRADNEFTEPRODUKT LLC,Unknown,Entity,"UKRAINE-EO13662, RUSSIA-EO14024",USOFAC-Consolidated
SO TVERNEFTEPRODUKT OOO,LLC MA TVERNEFTEPRODUCT,Unknown,Entity,"UKRAINE-EO13662, RUSSIA-EO14024",USOFAC-Consolidated
STRAKHOVOVE OBSHCHESTVO SURGUTNEFTEGAZ OOO,LLC INSURANCE COMPANY SURGUTNEFTEGAS,Unknown,Entity,UKRAINE-EO13662,USOFAC-Consolidated
KIRISHIAVTOSERVIS OOO,LLC KIRISHIAVTOSERVIS,Unknown,Entity,"UKRAINE-EO13662, RUSSIA-EO14024",USOFAC-Consolidated
JOINT STOCK COMPANY SURGUTNEFTEGASBANK,CLOSED JOINT STOCK COMPANY SURGUTNEFTEGASBANK,Unknown,Entity,"UKRAINE-EO13662, RUSSIA-EO14024",USOFAC-Consolidated
Evren KAYAKIRAN,None,Unknown,Individual,FSE-IR,USOFAC-Consolidated
PRESIDENCY OF DEFENSE INDUSTRIES,DEFENSE INDUSTRIES PRESIDENCY,Unknown,Entity,CAATSA - RUSSIA,USOFAC-Consolidated
TNK TRADING INTERNATIONAL S.A.,None,Unknown,Entity,"VENEZUELA-EO13850, UKRAINE-EO13662",USOFAC-Consolidated
CHINA TELECOM CORPORATION LIMITED,CHINA TELECOM,Unknown,Entity,CMIC-EO13959,USOFAC-Consolidated
AERO ENGINE CORPORATION OF CHINA,AERO ENGINE CORP OF CHINA,Unknown,Entity,CMIC-EO13959,USOFAC-Consolidated
CHINA MOBILE LIMITED,CHINA MOBILE LTD,Unknown,Entity,CMIC-EO13959,USOFAC-Consolidated
CHINA UNICOM (HONG KONG) LIMITED,CHINA UNICOM LIMITED,Unknown,Entity,CMIC-EO13959,USOFAC-Consolidated
"AVIATION INDUSTRY CORPORATION OF CHINA, LTD.",AVIATION INDUSTRY CORP OF CHINA,Unknown,Entity,CMIC-EO13959,USOFAC-Consolidated
CNOOC LIMITED,CNOOC LTD,Unknown,Entity,CMIC-EO13959,USOFAC-Consolidated
CHINA ACADEMY OF LAUNCH VEHICLE TECHNOLOGY,CALT,Unknown,Entity,CMIC-EO13959,USOFAC-Consolidated
CHINA AEROSPACE SCIENCE AND INDUSTRY CORPORATION LIMITED,CHINA AEROSPACE SCIENCE AND INDUSTRY CORPORATION,Unknown,Entity,CMIC-EO13959,USOFAC-Consolidated
CHINA AEROSPACE SCIENCE AND TECHNOLOGY CORPORATION,CASC,Unknown,Entity,CMIC-EO13959,USOFAC-Consolidated
CHINA COMMUNICATIONS CONSTRUCTION COMPANY LIMITED,CHINA COMMUNICATIONS CONSTRUCTION CO LTD,Unknown,Entity,CMIC-EO13959,USOFAC-Consolidated
CHINA ELECTRONICS CORPORATION,CEC,Unknown,Entity,CMIC-EO13959,USOFAC-Consolidated
CHINA SOUTH INDUSTRIES GROUP CORPORATION,"CHINA SOUTH INDUSTRIES GROUP CO., LTD.",Unknown,Entity,CMIC-EO13959,USOFAC-Consolidated
"CHINA SPACESAT CO., LTD.",CHINA SPACESAT,Unknown,Entity,CMIC-EO13959,USOFAC-Consolidated
CHINA ELECTRONICS TECHNOLOGY GROUP CORPORATION,CETC,Unknown,Entity,CMIC-EO13959,USOFAC-Consolidated
CHINA GENERAL NUCLEAR POWER CORPORATION,CHINA GENERAL NUCLEAR POWER CORP,Unknown,Entity,CMIC-EO13959,USOFAC-Consolidated
CHINA STATE SHIPBUILDING CORPORATION LIMITED,CHINA STATE SHIPBUILDING CORPORATION,Unknown,Entity,CMIC-EO13959,USOFAC-Consolidated
CHINA TELECOMMUNICATIONS CORPORATION,CHINA TELECOM,Unknown,Entity,CMIC-EO13959,USOFAC-Consolidated
"CHINA UNITED NETWORK COMMUNICATIONS GROUP CO., LTD.",CHINA UNITED NETWORK COMMUNICATIONS GROUP COMPANY LIMITED,Unknown,Entity,CMIC-EO13959,USOFAC-Consolidated
"CHINA MOBILE COMMUNICATIONS GROUP CO., LTD.",CHINA MOBILE,Unknown,Entity,CMIC-EO13959,USOFAC-Consolidated
"HANGZHOU HIKVISION DIGITAL TECHNOLOGY CO., LTD.",HIKVISION,Unknown,Entity,CMIC-EO13959,USOFAC-Consolidated
"HUAWEI TECHNOLOGIES CO., LTD.",HUAWEI INVESTMENT & HOLDING CO LTD,Unknown,Entity,CMIC-EO13959,USOFAC-Consolidated
"INSPUR GROUP CO., LTD.",INSPUR GROUP,Unknown,Entity,CMIC-EO13959,USOFAC-Consolidated
"PANDA ELECTRONICS GROUP CO., LTD.",PANDA ELECTRONICS GROUP LIMITED,Unknown,Entity,CMIC-EO13959,USOFAC-Consolidated
SEMICONDUCTOR MANUFACTURING INTERNATIONAL CORPORATION,SEMICONDUCTOR MFG INTL CORP,Unknown,Entity,CMIC-EO13959,USOFAC-Consolidated
CHINA NATIONAL NUCLEAR CORPORATION,CHINA NATIONAL NUCLEAR CORP,Unknown,Entity,CMIC-EO13959,USOFAC-Consolidated
CHINA NATIONAL OFFSHORE OIL CORPORATION,CHINA NATIONAL OFFSHORE OIL CORP.,Unknown,Entity,CMIC-EO13959,USOFAC-Consolidated
CHINA NORTH INDUSTRIES GROUP CORPORATION LIMITED,NORINCO,Unknown,Entity,CMIC-EO13959,USOFAC-Consolidated
CHINA NUCLEAR ENGINEERING CORPORATION LIMITED,CHINA NUCLEAR ENGINEERING & CONSTRUCTION CORP LTD,Unknown,Entity,CMIC-EO13959,USOFAC-Consolidated
CHINA RAILWAY CONSTRUCTION CORPORATION LIMITED,CRCC,Unknown,Entity,CMIC-EO13959,USOFAC-Consolidated
NATIONAL WEALTH FUND OF THE RUSSIAN FEDERATION,None,Unknown,Entity,RUSSIA-EO14024,USOFAC-Consolidated
MINISTRY OF FINANCE OF THE RUSSIAN FEDERATION,None,Unknown,Entity,RUSSIA-EO14024,USOFAC-Consolidated
CENTRAL BANK OF THE RUSSIAN FEDERATION,"BANK ROSSI, FEDERAL STATE BUDGETARY INSTITUTION",Unknown,Entity,RUSSIA-EO14024,USOFAC-Consolidated
ANHUI GREATWALL MILITARY INDUSTRY COMPANY LIMITED,"ANHUI GREAT WALL MILITARY INDUSTRY CO., LTD",Unknown,Entity,CMIC-EO13959,USOFAC-Consolidated
AVIC XI'AN AIRCRAFT INDUSTRY GROUP COMPANY LTD.,AVIC XIAN AIRCRAFT INDUSTRY GROUP CO LTD,Unknown,Entity,CMIC-EO13959,USOFAC-Consolidated
AVIC HEAVY MACHINERY COMPANY LIMITED,"AVIC HEAVY MACHINERY CO., LTD.",Unknown,Entity,CMIC-EO13959,USOFAC-Consolidated
"AVIC JONHON OPTRONIC TECHNOLOGY CO., LTD.",JONHON,Unknown,Entity,CMIC-EO13959,USOFAC-Consolidated
AVIC SHENYANG AIRCRAFT COMPANY LIMITED,SHENYANG AIRCRAFT CO. LTD.,Unknown,Entity,CMIC-EO13959,USOFAC-Consolidated
"CHINA SATELLITE COMMUNICATIONS CO., LTD.",CHINA SATCOM,Unknown,Entity,CMIC-EO13959,USOFAC-Consolidated
CHINA COMMUNICATIONS CONSTRUCTION GROUP (LIMITED),CHINA COMMUNICATIONS CONSTRUCTION GROUP (LTD),Unknown,Entity,CMIC-EO13959,USOFAC-Consolidated
AEROSPACE COMMUNICATIONS HOLDINGS GROUP COMPANY LIMITED,"AEROSPACE COMMUNICATIONS HOLDINGS CO., LTD.",Unknown,Entity,CMIC-EO13959,USOFAC-Consolidated
"FUJIAN TORCH ELECTRON TECHNOLOGY CO., LTD.",TORCH ELECTRON,Unknown,Entity,CMIC-EO13959,USOFAC-Consolidated
"INNER MONGOLIA FIRST MACHINERY GROUP CO., LTD.",FIRMACO,Unknown,Entity,CMIC-EO13959,USOFAC-Consolidated
CSSC OFFSHORE & MARINE ENGINEERING (GROUP) COMPANY LIMITED,COMEC,Unknown,Entity,CMIC-EO13959,USOFAC-Consolidated
AVIC AVIATION HIGH-TECHNOLOGY COMPANY LIMITED,"AVIC AVIATION HIGH-TECHNOLOGY CO., LTD.",Unknown,Entity,CMIC-EO13959,USOFAC-Consolidated
"AEROSPACE CH UAV CO., LTD",ZHEJIANG NANYANG TECHNOLOGY COMPANY LIMITED,Unknown,Entity,CMIC-EO13959,USOFAC-Consolidated
"CHINA AEROSPACE TIMES ELECTRONICS CO., LTD",CATEC,Unknown,Entity,CMIC-EO13959,USOFAC-Consolidated
"HUAWEI INVESTMENT & HOLDING CO., LTD.","HUAWEI INVESTMENT AND HOLDING CO., LTD.",Unknown,Entity,CMIC-EO13959,USOFAC-Consolidated
"JIANGXI HONGDU AVIATION INDUSTRY CO., LTD.",HDAA,Unknown,Entity,CMIC-EO13959,USOFAC-Consolidated
PROVEN GLORY CAPITAL LIMITED,PROVEN GLORY,Unknown,Entity,CMIC-EO13959,USOFAC-Consolidated
CHINA AVIONICS SYSTEMS COMPANY LIMITED,"CHINA AVIONICS SYSTEMS CO., LTD",Unknown,Entity,CMIC-EO13959,USOFAC-Consolidated
PROVEN HONOUR CAPITAL LIMITED,PROVEN HONOUR CAPITAL LTD,Unknown,Entity,CMIC-EO13959,USOFAC-Consolidated
CHINA SHIPBUILDING INDUSTRY COMPANY LIMITED,CHINA SHIPBUILDING INDUSTRY CO LTD,Unknown,Entity,CMIC-EO13959,USOFAC-Consolidated
"GUIZHOU SPACE APPLIANCE CO., LTD",SACO,Unknown,Entity,CMIC-EO13959,USOFAC-Consolidated
CHANGSHA JINGJIA MICROELECTRONICS COMPANY LIMITED,"CHANGSHA JINGJIA MICROELECTRONICS CO., LTD",Unknown,Entity,CMIC-EO13959,USOFAC-Consolidated
CHINA MARINE INFORMATION ELECTRONICS COMPANY LIMITED,CHINA MARINE INFORMATION ELECTRONICS CO LTD,Unknown,Entity,CMIC-EO13959,USOFAC-Consolidated
CHINA SHIPBUILDING INDUSTRY GROUP POWER COMPANY LIMITED,CHINA SHIPBUILDING INDUSTRY GROUP POWER CO LTD,Unknown,Entity,CMIC-EO13959,USOFAC-Consolidated
"COSTAR GROUP CO., LTD.",COSTAR GROUP CO,Unknown,Entity,CMIC-EO13959,USOFAC-Consolidated
NANJING PANDA ELECTRONICS COMPANY LIMITED,NANJING PANDA ELECTRONIC CO. LTD.,Unknown,Entity,CMIC-EO13959,USOFAC-Consolidated
AEROSUN CORPORATION,AEROSUN CORP.,Unknown,Entity,CMIC-EO13959,USOFAC-Consolidated
"NORTH NAVIGATION CONTROL TECHNOLOGY CO., LTD.","BEIJING NORTH PHENIX INTELLIGENCE TECHNOLOGY CO., LTD.",Unknown,Entity,CMIC-EO13959,USOFAC-Consolidated
SHAANXI ZHONGTIAN ROCKET TECHNOLOGY COMPANY LIMITED,"SHAANXI ZHONGTIAN ROCKET TECHNOLOGY CO., LTD",Unknown,Entity,CMIC-EO13959,USOFAC-Consolidated
ZHONGHANG ELECTRONIC MEASURING INSTRUMENTS COMPANY LIMITED,"ZHONGHANG ELECTRONIC MEASURING INSTRUMENTS CO., LTD",Unknown,Entity,CMIC-EO13959,USOFAC-Consolidated
MEGVII TECHNOLOGY LIMITED,None,Unknown,Entity,CMIC-EO13959,USOFAC-Consolidated
"SZ DJI TECHNOLOGY CO., LTD.",None,Unknown,Entity,CMIC-EO13959,USOFAC-Consolidated
"CLOUDWALK TECHNOLOGY CO., LTD.",CLOUDWALK,Unknown,Entity,CMIC-EO13959,USOFAC-Consolidated
"DAWNING INFORMATION INDUSTRY CO., LTD",SUGON,Unknown,Entity,CMIC-EO13959,USOFAC-Consolidated
SENSETIME GROUP LIMITED,SENSETIME GROUP LTD,Unknown,Entity,CMIC-EO13959,USOFAC-Consolidated
YITU LIMITED,None,Unknown,Entity,CMIC-EO13959,USOFAC-Consolidated
LEON TECHNOLOGY COMPANY LIMITED,"LEON TECHNOLOGY CO., LTD.",Unknown,Entity,CMIC-EO13959,USOFAC-Consolidated
NETPOSA TECHNOLOGIES LIMITED,"NETPOSA TECHNOLOGIES, LTD.",Unknown,Entity,CMIC-EO13959,USOFAC-Consolidated
"XIAMEN MEIYA PICO INFORMATION CO., LTD.",None,Unknown,Entity,CMIC-EO13959,USOFAC-Consolidated
PUBLIC JOINT STOCK COMPANY ROSTELECOM,ROSTELEKOM PJSC,Unknown,Entity,RUSSIA-EO14024,USOFAC-Consolidated
PUBLIC JOINT STOCK COMPANY RUSHYDRO,PUBLIC JOINT-STOCK COMPANY FEDERAL HYDRO-GENERATING COMPANY - RUSHYDRO,Unknown,Entity,RUSSIA-EO14024,USOFAC-Consolidated
OPEN JOINT STOCK COMPANY RUSSIAN RAILWAYS,JSC RUSSIAN RAILWAYS,Unknown,Entity,RUSSIA-EO14024,USOFAC-Consolidated
MYANMA OIL AND GAS ENTERPRISE,MOGE,Unknown,Entity,BURMA-EO14014,USOFAC-Consolidated
Michel Joseph MARTELLY,MARTELLY,Haiti,Individual,ILLICIT-DRUGS-EO14059,USOFAC-Consolidated
